
assetId,address,propertyUrl
22317,158 BRIANS WOODS RD MAPLE HILL NC 28454,https://www.vrmproperties.com/Property-For-Sale/22317/158-brians-woods-rd-maple-hill-nc-28454
22292,319 HIGH GROVE WAY COLUMBIA SC 29210,https://www.vrmproperties.com/Property-For-Sale/22292/319-high-grove-way-columbia-sc-29210
22288,1356 JUPITER LOOP LABELLE FL 33935,https://www.vrmproperties.com/Property-For-Sale/22288/1356-jupiter-loop-labelle-fl-33935
22285,2709 CAMPHOR TREE ST LAS VEGAS NV 89108,https://www.vrmproperties.com/Property-For-Sale/22285/2709-camphor-tree-st-las-vegas-nv-89108
22275,1516 WELLERMAN RD WEST MONROE LA 71291,https://www.vrmproperties.com/Property-For-Sale/22275/1516-wellerman-rd-west-monroe-la-71291
22270,599 WINDWARD CT EVANS GA 30809,https://www.vrmproperties.com/Property-For-Sale/22270/599-windward-ct-evans-ga-30809
22268,308 WELCH FOLLY LN ALEDO TX 76008,https://www.vrmproperties.com/Property-For-Sale/22268/308-welch-folly-ln-aledo-tx-76008
22264,47 INTEGRITY MTN OTTO NC 28763,https://www.vrmproperties.com/Property-For-Sale/22264/47-integrity-mtn-otto-nc-28763
22263,2952 W CYPRESS DR DUNNELLON FL 34433,https://www.vrmproperties.com/Property-For-Sale/22263/2952-w-cypress-dr-dunnellon-fl-34433
22247,181 VILLA DR HEYBURN ID 83336,https://www.vrmproperties.com/Property-For-Sale/22247/181-villa-dr-heyburn-id-83336
22242,1104 LUCHARLES AVE MOUNT MORRIS MI 48458,https://www.vrmproperties.com/Property-For-Sale/22242/1104-lucharles-ave-mount-morris-mi-48458
22240,1 CAMINO ORO CT TIJERAS NM 87059,https://www.vrmproperties.com/Property-For-Sale/22240/1-camino-oro-ct-tijeras-nm-87059
22239,413 CORN AVENUE ALBANY GA 31701,https://www.vrmproperties.com/Property-For-Sale/22239/413-corn-avenue-albany-ga-31701
22237,1722 W MAIN ST STOUGHTON WI 53589,https://www.vrmproperties.com/Property-For-Sale/22237/1722-w-main-st-stoughton-wi-53589
22236,4975 CLARABELLA RD CLARE MI 48617,https://www.vrmproperties.com/Property-For-Sale/22236/4975-clarabella-rd-clare-mi-48617
22227,2015 E LETTERLY ST PHILADELPHIA PA 19125,https://www.vrmproperties.com/Property-For-Sale/22227/2015-e-letterly-st-philadelphia-pa-19125
22226,6252 E BILLINGS ST MESA AZ 85205,https://www.vrmproperties.com/Property-For-Sale/22226/6252-e-billings-st-mesa-az-85205
22221,1916 IGLESIA ST LADY LAKE FL 32159,https://www.vrmproperties.com/Property-For-Sale/22221/1916-iglesia-st-lady-lake-fl-32159
22217,1819 ISABELLA COURT GLENN HEIGHTS TX 75154,https://www.vrmproperties.com/Property-For-Sale/22217/1819-isabella-court-glenn-heights-tx-75154
22216,2244 MAYFLOWER DR GREENBACKVILLE VA 23356,https://www.vrmproperties.com/Property-For-Sale/22216/2244-mayflower-dr-greenbackville-va-23356
22207,5047 W MORRIS AVE FRESNO CA 93722,https://www.vrmproperties.com/Property-For-Sale/22207/5047-w-morris-ave-fresno-ca-93722
22206,221 IRISH HILL DR MERIDIANVILLE AL 35759,https://www.vrmproperties.com/Property-For-Sale/22206/221-irish-hill-dr-meridianville-al-35759
22205,1439 GARNER RD RALEIGH NC 27610,https://www.vrmproperties.com/Property-For-Sale/22205/1439-garner-rd-raleigh-nc-27610
22203,3058 WIGEON WAY COPPERAS COVE TX 76522,https://www.vrmproperties.com/Property-For-Sale/22203/3058-wigeon-way-copperas-cove-tx-76522
22201,319 E FARRELL ST NIOTA TN 37826,https://www.vrmproperties.com/Property-For-Sale/22201/319-e-farrell-st-niota-tn-37826
22198,1805 FRENCH ST ROCK FALLS IL 61071,https://www.vrmproperties.com/Property-For-Sale/22198/1805-french-st-rock-falls-il-61071
22197,100 WHITE OAK CT SCHAUMBURG IL 60195,https://www.vrmproperties.com/Property-For-Sale/22197/100-white-oak-ct-schaumburg-il-60195
22194,637 N MCLIN CREEK RD CONOVER NC 28613,https://www.vrmproperties.com/Property-For-Sale/22194/637-n-mclin-creek-rd-conover-nc-28613
22193,155 SPANISH MOSS TRAIL Rhome TX 76078,https://www.vrmproperties.com/Property-For-Sale/22193/155-spanish-moss-trail-rhome-tx-76078
22181,11018 REDHAVEN CT HOUSTON TX 77065,https://www.vrmproperties.com/Property-For-Sale/22181/11018-redhaven-ct-houston-tx-77065
22180,10189 KAY OAK CV CORDOVA TN 38016,https://www.vrmproperties.com/Property-For-Sale/22180/10189-kay-oak-cv-cordova-tn-38016
22176,316 CROSS ST OGDEN UT 84404,https://www.vrmproperties.com/Property-For-Sale/22176/316-cross-st-ogden-ut-84404
22175,2210 SE 11TH AVE CAPE CORAL FL 33990,https://www.vrmproperties.com/Property-For-Sale/22175/2210-se-11th-ave-cape-coral-fl-33990
22174,169 SLENDERLEAF DRIVE MARBLE FALLS TX 78654,https://www.vrmproperties.com/Property-For-Sale/22174/169-slenderleaf-drive-marble-falls-tx-78654
22167,304 FARR COVE ST HOUSTON MS 38851,https://www.vrmproperties.com/Property-For-Sale/22167/304-farr-cove-st-houston-ms-38851
22166,206 SHADY LN CAYCE SC 29033,https://www.vrmproperties.com/Property-For-Sale/22166/206-shady-ln-cayce-sc-29033
22165,1357 SUNRIDGE DR HOLLISTER CA 95023,https://www.vrmproperties.com/Property-For-Sale/22165/1357-sunridge-dr-hollister-ca-95023
22164,21750 NW 44TH AVE MICANOPY FL 32667,https://www.vrmproperties.com/Property-For-Sale/22164/21750-nw-44th-ave-micanopy-fl-32667
22161,925 BAY AVE PANAMA CITY FL 32401,https://www.vrmproperties.com/Property-For-Sale/22161/925-bay-ave-panama-city-fl-32401
22160,602 S 10TH ST PETERSBURG IN 47567,https://www.vrmproperties.com/Property-For-Sale/22160/602-s-10th-st-petersburg-in-47567
22159,5799 JUNIPER CREEK DR EL PASO TX 79932,https://www.vrmproperties.com/Property-For-Sale/22159/5799-juniper-creek-dr-el-paso-tx-79932
22158,2825 S 11TH ST ABILENE TX 79605,https://www.vrmproperties.com/Property-For-Sale/22158/2825-s-11th-st-abilene-tx-79605
22156,2927 8TH ST COLUMBUS GA 31906,https://www.vrmproperties.com/Property-For-Sale/22156/2927-8th-st-columbus-ga-31906
22147,770 MEMORY LANE FOUNTAIN CO 80817,https://www.vrmproperties.com/Property-For-Sale/22147/770-memory-lane-fountain-co-80817
22146,3420 MERSINGTON AVE KANSAS CITY MO 64128,https://www.vrmproperties.com/Property-For-Sale/22146/3420-mersington-ave-kansas-city-mo-64128
22143,433 SCHOOL OF MINES RD SOCORRO NM 87801,https://www.vrmproperties.com/Property-For-Sale/22143/433-school-of-mines-rd-socorro-nm-87801
22142,1710 SW BROWNELL AVE GRANTS PASS OR 97526,https://www.vrmproperties.com/Property-For-Sale/22142/1710-sw-brownell-ave-grants-pass-or-97526
22134,3338 EISENHOWER DR SACRAMENTO CA 95826,https://www.vrmproperties.com/Property-For-Sale/22134/3338-eisenhower-dr-sacramento-ca-95826
22130,285 GROVE RD COLLIERVILLE TN 38017,https://www.vrmproperties.com/Property-For-Sale/22130/285-grove-rd-collierville-tn-38017
22129,1937 RICHMOND SPRINGS LN BELLEVILLE IL 62220,https://www.vrmproperties.com/Property-For-Sale/22129/1937-richmond-springs-ln-belleville-il-62220
22122,250 N PURCELL BLVD PUEBLO WEST CO 81007,https://www.vrmproperties.com/Property-For-Sale/22122/250-n-purcell-blvd-pueblo-west-co-81007
22119,5005 ROSE GARDEN LOOP KILLEEN TX 76542,https://www.vrmproperties.com/Property-For-Sale/22119/5005-rose-garden-loop-killeen-tx-76542
22118,1319 MCCROSKEY WAY MOUNT STERLING KY 40353,https://www.vrmproperties.com/Property-For-Sale/22118/1319-mccroskey-way-mount-sterling-ky-40353
22117,507 FALLING WATER CIR BOSSIER CITY LA 71112,https://www.vrmproperties.com/Property-For-Sale/22117/507-falling-water-cir-bossier-city-la-71112
22115,125 BEVERLY CIR MARSHALL TX 75672,https://www.vrmproperties.com/Property-For-Sale/22115/125-beverly-cir-marshall-tx-75672
22112,30929 W WELDON AVE BUCKEYE AZ 85396,https://www.vrmproperties.com/Property-For-Sale/22112/30929-w-weldon-ave-buckeye-az-85396
22111,8151 SUSAN DR DORA AL 35062,https://www.vrmproperties.com/Property-For-Sale/22111/8151-susan-dr-dora-al-35062
22109,4081 WINDSOR GATE PL VIRGINIA BEACH VA 23452,https://www.vrmproperties.com/Property-For-Sale/22109/4081-windsor-gate-pl-virginia-beach-va-23452
22108,906 ELK RIVER ROAD GASSAWAY WV 26624,https://www.vrmproperties.com/Property-For-Sale/22108/906-elk-river-road-gassaway-wv-26624
22104,5590 STONECREST DR HOUSE SPRINGS MO 63051,https://www.vrmproperties.com/Property-For-Sale/22104/5590-stonecrest-dr-house-springs-mo-63051
22102,403 LINCOLN AVE EMMETT ID 83617,https://www.vrmproperties.com/Property-For-Sale/22102/403-lincoln-ave-emmett-id-83617
21983,1322 CRESS GARDEN LN FORNEY TX 75126,https://www.vrmproperties.com/Property-For-Sale/21983/1322-cress-garden-ln-forney-tx-75126
21982,594 WELSH DRIVE RUTHER GLEN VA 22546,https://www.vrmproperties.com/Property-For-Sale/21982/594-welsh-drive-ruther-glen-va-22546
21979,255 S MAIN ST PONTOTOC MS 38863,https://www.vrmproperties.com/Property-For-Sale/21979/255-s-main-st-pontotoc-ms-38863
21977,111 HEATLEY ST MONCKS CORNER SC 29461,https://www.vrmproperties.com/Property-For-Sale/21977/111-heatley-st-moncks-corner-sc-29461
21976,3944 W CAMELBACK RD PHOENIX AZ 85019,https://www.vrmproperties.com/Property-For-Sale/21976/3944-w-camelback-rd-phoenix-az-85019
21975,998 HOT SHOT DR CLARKSVILLE TN 37042,https://www.vrmproperties.com/Property-For-Sale/21975/998-hot-shot-dr-clarksville-tn-37042
21970,1033 WEST AVALON CANYON DRIVE CASA GRANDE AZ 85122,https://www.vrmproperties.com/Property-For-Sale/21970/1033-west-avalon-canyon-drive-casa-grande-az-85122
21969,5703 N GIBRALTER WAY #6-206 AURORA CO 80019,https://www.vrmproperties.com/Property-For-Sale/21969/5703-n-gibralter-way-6-206-aurora-co-80019
21967,8405 N WOODLANDS TRL GREENWOOD LA 71033,https://www.vrmproperties.com/Property-For-Sale/21967/8405-n-woodlands-trl-greenwood-la-71033
21957,4427 SAN JUAN DR MEDFORD OR 97504,https://www.vrmproperties.com/Property-For-Sale/21957/4427-san-juan-dr-medford-or-97504
21956,114 CHOCTAW DR SEARCY AR 72143,https://www.vrmproperties.com/Property-For-Sale/21956/114-choctaw-dr-searcy-ar-72143
21955,3021 GABRIEL VIEW DR GEORGETOWN TX 78628,https://www.vrmproperties.com/Property-For-Sale/21955/3021-gabriel-view-dr-georgetown-tx-78628
21949,9123 WOODLAND TRL DR DITTMER MO 63023,https://www.vrmproperties.com/Property-For-Sale/21949/9123-woodland-trl-dr-dittmer-mo-63023
21948,949 PRIMROSE DR WEST CARROLLTON OH 45449,https://www.vrmproperties.com/Property-For-Sale/21948/949-primrose-dr-west-carrollton-oh-45449
21945,13251 E 41ST ST YUMA AZ 85367,https://www.vrmproperties.com/Property-For-Sale/21945/13251-e-41st-st-yuma-az-85367
21944,1017 W 13TH ST PUEBLO CO 81003,https://www.vrmproperties.com/Property-For-Sale/21944/1017-w-13th-st-pueblo-co-81003
21943,723 E 17TH ST WOLFFORTH TX 79382,https://www.vrmproperties.com/Property-For-Sale/21943/723-e-17th-st-wolfforth-tx-79382
21938,19041 N PIERSON RD SUN CITY AZ 85373,https://www.vrmproperties.com/Property-For-Sale/21938/19041-n-pierson-rd-sun-city-az-85373
21936,4360 CHURCH ST MEXICO NY 13114,https://www.vrmproperties.com/Property-For-Sale/21936/4360-church-st-mexico-ny-13114
21935,100 WOLFE ST THIBODAUX LA 70301,https://www.vrmproperties.com/Property-For-Sale/21935/100-wolfe-st-thibodaux-la-70301
21930,433 HENDERSON RD JACKSON TN 38305,https://www.vrmproperties.com/Property-For-Sale/21930/433-henderson-rd-jackson-tn-38305
21927,7766 N 106TH ST OMAHA NE 68122,https://www.vrmproperties.com/Property-For-Sale/21927/7766-n-106th-st-omaha-ne-68122
21925,9119 EDINBURGH ST NEW ORLEANS LA 70118,https://www.vrmproperties.com/Property-For-Sale/21925/9119-edinburgh-st-new-orleans-la-70118
21924,5202 FENTON LN BELTON TX 76513,https://www.vrmproperties.com/Property-For-Sale/21924/5202-fenton-ln-belton-tx-76513
21922,2515 ERATH ST NEW IBERIA LA 70560,https://www.vrmproperties.com/Property-For-Sale/21922/2515-erath-st-new-iberia-la-70560
21921,315 CAMERON TRL LAKEHILLS TX 78063,https://www.vrmproperties.com/Property-For-Sale/21921/315-cameron-trl-lakehills-tx-78063
21920,807 PINE ACRES DR FLORENCE SC 29501,https://www.vrmproperties.com/Property-For-Sale/21920/807-pine-acres-dr-florence-sc-29501
21918,98 ECHOTA 5TH ST CALHOUN GA 30701,https://www.vrmproperties.com/Property-For-Sale/21918/98-echota-5th-st-calhoun-ga-30701
21916,7114 BREEZE HOLW SAN ANTONIO TX 78250,https://www.vrmproperties.com/Property-For-Sale/21916/7114-breeze-holw-san-antonio-tx-78250
21914,105 GREENACRES ROAD OMAK WA 98841,https://www.vrmproperties.com/Property-For-Sale/21914/105-greenacres-road-omak-wa-98841
21899,174 VILLACREST DR CRESTVIEW FL 32536,https://www.vrmproperties.com/Property-For-Sale/21899/174-villacrest-dr-crestview-fl-32536
21892,16315 SPINNAKER DR CROSBY TX 77532,https://www.vrmproperties.com/Property-For-Sale/21892/16315-spinnaker-dr-crosby-tx-77532
21886,12115 ORME RD CLEVELAND OH 44125,https://www.vrmproperties.com/Property-For-Sale/21886/12115-orme-rd-cleveland-oh-44125
21885,100 NORTH AVENUE ROCKLAND MA 02370,https://www.vrmproperties.com/Property-For-Sale/21885/100-north-avenue-rockland-ma-02370
21881,4224 FREEMAN RD ERIE PA 16510,https://www.vrmproperties.com/Property-For-Sale/21881/4224-freeman-rd-erie-pa-16510
21880,23561 CLARA PL CANYON LAKE CA 92587,https://www.vrmproperties.com/Property-For-Sale/21880/23561-clara-pl-canyon-lake-ca-92587
21878,2434 CHEROKEE PARK PL COLORADO SPRINGS CO 80915,https://www.vrmproperties.com/Property-For-Sale/21878/2434-cherokee-park-pl-colorado-springs-co-80915
21877,2220 SANTINI TRL UNIT A HIGHLANDS RANCH CO 80129,https://www.vrmproperties.com/Property-For-Sale/21877/2220-santini-trl-unit-a-highlands-ranch-co-80129
21876,4918 NATCHEZ TRCE FRESNO TX 77545,https://www.vrmproperties.com/Property-For-Sale/21876/4918-natchez-trce-fresno-tx-77545
